{
    "loss": 7.698983192443848,
    "accuracy": 0.5035971403121948
}