{
    "loss": 10.567826271057129,
    "accuracy": 0.5035971403121948
}